"No.","Time","Source","Destination","Protocol","Length","Leftover Capture Data","Info"
"23","4.004924","2.3.1","host","USB","72","0000110000000000","URB_INTERRUPT in"
"25","4.087932","2.3.1","host","USB","72","0000110400000000","URB_INTERRUPT in"
"27","4.098932","2.3.1","host","USB","72","0000040000000000","URB_INTERRUPT in"
"29","4.176919","2.3.1","host","USB","72","0000041100000000","URB_INTERRUPT in"
"31","4.212928","2.3.1","host","USB","72","0000110000000000","URB_INTERRUPT in"
"35","4.380931","2.3.1","host","USB","72","0000120000000000","URB_INTERRUPT in"
"39","4.537940","2.3.1","host","USB","72","00002c0000000000","URB_INTERRUPT in"
"41","4.644936","2.3.1","host","USB","72","00002c1700000000","URB_INTERRUPT in"
"43","4.647934","2.3.1","host","USB","72","0000170000000000","URB_INTERRUPT in"
"45","4.743940","2.3.1","host","USB","72","0000170800000000","URB_INTERRUPT in"
"47","4.769916","2.3.1","host","USB","72","0000080000000000","URB_INTERRUPT in"
"51","4.995935","2.3.1","host","USB","72","0000160000000000","URB_INTERRUPT in"
"53","5.050936","2.3.1","host","USB","72","0000161700000000","URB_INTERRUPT in"
"55","5.135935","2.3.1","host","USB","72","0000170000000000","URB_INTERRUPT in"
"59","5.219924","2.3.1","host","USB","72","0000370000000000","URB_INTERRUPT in"
"63","5.353912","2.3.1","host","USB","72","0000060000000000","URB_INTERRUPT in"
"67","5.439930","2.3.1","host","USB","72","0000280000000000","URB_INTERRUPT in"
"71","6.621934","2.3.1","host","USB","72","2000000000000000","URB_INTERRUPT in"
"73","6.694937","2.3.1","host","USB","72","2000200000000000","URB_INTERRUPT in"
"75","6.777936","2.3.1","host","USB","72","0000200000000000","URB_INTERRUPT in"
"79","6.922930","2.3.1","host","USB","72","00000c0000000000","URB_INTERRUPT in"
"81","6.985928","2.3.1","host","USB","72","00000c1100000000","URB_INTERRUPT in"
"83","7.079927","2.3.1","host","USB","72","0000110000000000","URB_INTERRUPT in"
"87","7.115925","2.3.1","host","USB","72","0000060000000000","URB_INTERRUPT in"
"89","7.221936","2.3.1","host","USB","72","0000060f00000000","URB_INTERRUPT in"
"91","7.240874","2.3.1","host","USB","72","00000f0000000000","URB_INTERRUPT in"
"95","7.409922","2.3.1","host","USB","72","0000180000000000","URB_INTERRUPT in"
"97","7.505920","2.3.1","host","USB","72","0000180700000000","URB_INTERRUPT in"
"99","7.519877","2.3.1","host","USB","72","0000070000000000","URB_INTERRUPT in"
"103","7.662914","2.3.1","host","USB","72","0000080000000000","URB_INTERRUPT in"
"105","7.763913","2.3.1","host","USB","72","2000080000000000","URB_INTERRUPT in"
"107","7.787928","2.3.1","host","USB","72","2000000000000000","URB_INTERRUPT in"
"109","7.800927","2.3.1","host","USB","72","2000360000000000","URB_INTERRUPT in"
"111","7.894932","2.3.1","host","USB","72","2000000000000000","URB_INTERRUPT in"
"115","7.961923","2.3.1","host","USB","72","0000160000000000","URB_INTERRUPT in"
"117","8.001929","2.3.1","host","USB","72","0000161700000000","URB_INTERRUPT in"
"119","8.071928","2.3.1","host","USB","72","0000170000000000","URB_INTERRUPT in"
"123","8.178924","2.3.1","host","USB","72","0000070000000000","URB_INTERRUPT in"
"125","8.284911","2.3.1","host","USB","72","0000070c00000000","URB_INTERRUPT in"
"127","8.317927","2.3.1","host","USB","72","0000070c12000000","URB_INTERRUPT in"
"129","8.319915","2.3.1","host","USB","72","00000c1200000000","URB_INTERRUPT in"
"131","8.425932","2.3.1","host","USB","72","0000120000000000","URB_INTERRUPT in"
"135","8.810921","2.3.1","host","USB","72","0000370000000000","URB_INTERRUPT in"
"139","8.972919","2.3.1","host","USB","72","00000b0000000000","URB_INTERRUPT in"
"141","9.076933","2.3.1","host","USB","72","20000b0000000000","URB_INTERRUPT in"
"143","9.097932","2.3.1","host","USB","72","2000000000000000","URB_INTERRUPT in"
"145","9.107929","2.3.1","host","USB","72","2000370000000000","URB_INTERRUPT in"
"147","9.232931","2.3.1","host","USB","72","2000000000000000","URB_INTERRUPT in"
"151","9.389923","2.3.1","host","USB","72","0000280000000000","URB_INTERRUPT in"
"155","9.545930","2.3.1","host","USB","72","2000000000000000","URB_INTERRUPT in"
"157","9.618938","2.3.1","host","USB","72","2000200000000000","URB_INTERRUPT in"
"159","9.685935","2.3.1","host","USB","72","0000200000000000","URB_INTERRUPT in"
"163","9.799924","2.3.1","host","USB","72","00000c0000000000","URB_INTERRUPT in"
"165","9.862937","2.3.1","host","USB","72","00000c1100000000","URB_INTERRUPT in"
"167","9.956923","2.3.1","host","USB","72","0000110000000000","URB_INTERRUPT in"
"171","9.992923","2.3.1","host","USB","72","0000060000000000","URB_INTERRUPT in"
"173","10.098924","2.3.1","host","USB","72","0000060f00000000","URB_INTERRUPT in"
"175","10.132911","2.3.1","host","USB","72","00000f0000000000","URB_INTERRUPT in"
"179","10.317927","2.3.1","host","USB","72","0000180000000000","URB_INTERRUPT in"
"181","10.397933","2.3.1","host","USB","72","0000180700000000","URB_INTERRUPT in"
"183","10.411868","2.3.1","host","USB","72","0000070000000000","URB_INTERRUPT in"
"187","10.585928","2.3.1","host","USB","72","0000080000000000","URB_INTERRUPT in"
"191","11.060932","2.3.1","host","USB","72","2000000000000000","URB_INTERRUPT in"
"193","11.097934","2.3.1","host","USB","72","2000360000000000","URB_INTERRUPT in"
"195","11.201914","2.3.1","host","USB","72","0000360000000000","URB_INTERRUPT in"
"199","11.351877","2.3.1","host","USB","72","0000160000000000","URB_INTERRUPT in"
"201","11.438927","2.3.1","host","USB","72","0000161700000000","URB_INTERRUPT in"
"203","11.492913","2.3.1","host","USB","72","0000170000000000","URB_INTERRUPT in"
"207","12.144932","2.3.1","host","USB","72","0000070000000000","URB_INTERRUPT in"
"211","12.281931","2.3.1","host","USB","72","00000f0000000000","URB_INTERRUPT in"
"215","12.453936","2.3.1","host","USB","72","00000c0000000000","URB_INTERRUPT in"
"217","12.518927","2.3.1","host","USB","72","00000c0500000000","URB_INTERRUPT in"
"219","12.547928","2.3.1","host","USB","72","0000050000000000","URB_INTERRUPT in"
"223","12.698912","2.3.1","host","USB","72","0000370000000000","URB_INTERRUPT in"
"227","12.814927","2.3.1","host","USB","72","00000b0000000000","URB_INTERRUPT in"
"229","12.933933","2.3.1","host","USB","72","20000b0000000000","URB_INTERRUPT in"
"231","12.939934","2.3.1","host","USB","72","2000000000000000","URB_INTERRUPT in"
"233","12.949930","2.3.1","host","USB","72","2000370000000000","URB_INTERRUPT in"
"235","13.043925","2.3.1","host","USB","72","2000000000000000","URB_INTERRUPT in"
"239","13.138926","2.3.1","host","USB","72","0000280000000000","URB_INTERRUPT in"
"243","14.258917","2.3.1","host","USB","72","0000280000000000","URB_INTERRUPT in"
"247","14.495925","2.3.1","host","USB","72","00000c0000000000","URB_INTERRUPT in"
"249","14.573918","2.3.1","host","USB","72","00000c1100000000","URB_INTERRUPT in"
"251","14.651926","2.3.1","host","USB","72","00000c1117000000","URB_INTERRUPT in"
"253","14.652871","2.3.1","host","USB","72","0000111700000000","URB_INTERRUPT in"
"255","14.714924","2.3.1","host","USB","72","0000170000000000","URB_INTERRUPT in"
"257","14.763924","2.3.1","host","USB","72","0000172c00000000","URB_INTERRUPT in"
"259","14.776851","2.3.1","host","USB","72","00002c0000000000","URB_INTERRUPT in"
"263","14.903919","2.3.1","host","USB","72","0000100000000000","URB_INTERRUPT in"
"265","14.954928","2.3.1","host","USB","72","0000100400000000","URB_INTERRUPT in"
"267","14.997929","2.3.1","host","USB","72","0000040000000000","URB_INTERRUPT in"
"271","15.122929","2.3.1","host","USB","72","00000c0000000000","URB_INTERRUPT in"
"273","15.168931","2.3.1","host","USB","72","00000c1100000000","URB_INTERRUPT in"
"275","15.277925","2.3.1","host","USB","72","00000c0000000000","URB_INTERRUPT in"
"279","15.429924","2.3.1","host","USB","72","2000000000000000","URB_INTERRUPT in"
"281","15.497928","2.3.1","host","USB","72","2000260000000000","URB_INTERRUPT in"
"283","15.617927","2.3.1","host","USB","72","0000260000000000","URB_INTERRUPT in"
"287","15.682928","2.3.1","host","USB","72","0000190000000000","URB_INTERRUPT in"
"289","15.763917","2.3.1","host","USB","72","0000191200000000","URB_INTERRUPT in"
"291","15.792930","2.3.1","host","USB","72","0000120000000000","URB_INTERRUPT in"
"295","15.918915","2.3.1","host","USB","72","00000c0000000000","URB_INTERRUPT in"
"297","15.985926","2.3.1","host","USB","72","00000c0700000000","URB_INTERRUPT in"
"299","16.012924","2.3.1","host","USB","72","0000070000000000","URB_INTERRUPT in"
"303","16.117927","2.3.1","host","USB","72","2000000000000000","URB_INTERRUPT in"
"305","16.154913","2.3.1","host","USB","72","2000270000000000","URB_INTERRUPT in"
"307","16.248935","2.3.1","host","USB","72","2000000000000000","URB_INTERRUPT in"
"311","16.369914","2.3.1","host","USB","72","0000280000000000","URB_INTERRUPT in"
"315","16.539933","2.3.1","host","USB","72","2000000000000000","URB_INTERRUPT in"
"317","16.589925","2.3.1","host","USB","72","20002f0000000000","URB_INTERRUPT in"
"319","16.698925","2.3.1","host","USB","72","2000000000000000","URB_INTERRUPT in"
"323","16.806916","2.3.1","host","USB","72","0000280000000000","URB_INTERRUPT in"
"327","18.818924","2.3.1","host","USB","72","00002b0000000000","URB_INTERRUPT in"
"331","19.253917","2.3.1","host","USB","72","0000180000000000","URB_INTERRUPT in"
"335","19.656925","2.3.1","host","USB","72","0000110000000000","URB_INTERRUPT in"
"339","19.772928","2.3.1","host","USB","72","0000160000000000","URB_INTERRUPT in"
"341","19.891927","2.3.1","host","USB","72","0000160c00000000","URB_INTERRUPT in"
"343","19.897929","2.3.1","host","USB","72","00000c0000000000","URB_INTERRUPT in"
"347","20.078933","2.3.1","host","USB","72","00000a0000000000","URB_INTERRUPT in"
"349","20.157930","2.3.1","host","USB","72","00000a1100000000","URB_INTERRUPT in"
"351","20.188909","2.3.1","host","USB","72","0000110000000000","URB_INTERRUPT in"
"353","20.255920","2.3.1","host","USB","72","0000110800000000","URB_INTERRUPT in"
"355","20.266913","2.3.1","host","USB","72","0000080000000000","URB_INTERRUPT in"
"359","20.458923","2.3.1","host","USB","72","0000070000000000","URB_INTERRUPT in"
"363","20.861917","2.3.1","host","USB","72","00002c0000000000","URB_INTERRUPT in"
"367","21.020927","2.3.1","host","USB","72","0000060000000000","URB_INTERRUPT in"
"369","21.127930","2.3.1","host","USB","72","0000060b00000000","URB_INTERRUPT in"
"371","21.160930","2.3.1","host","USB","72","00000b0000000000","URB_INTERRUPT in"
"373","21.255922","2.3.1","host","USB","72","00000b0400000000","URB_INTERRUPT in"
"375","21.267923","2.3.1","host","USB","72","0000040000000000","URB_INTERRUPT in"
"379","21.426917","2.3.1","host","USB","72","0000150000000000","URB_INTERRUPT in"
"381","21.580927","2.3.1","host","USB","72","0000152c00000000","URB_INTERRUPT in"
"383","21.582892","2.3.1","host","USB","72","00002c0000000000","URB_INTERRUPT in"
"387","21.723928","2.3.1","host","USB","72","0000150000000000","URB_INTERRUPT in"
"391","21.880928","2.3.1","host","USB","72","0000040000000000","URB_INTERRUPT in"
"395","22.084928","2.3.1","host","USB","72","00001a0000000000","URB_INTERRUPT in"
"399","22.323929","2.3.1","host","USB","72","2000000000000000","URB_INTERRUPT in"
"401","22.379922","2.3.1","host","USB","72","2000070000000000","URB_INTERRUPT in"
"403","22.495923","2.3.1","host","USB","72","0000070000000000","URB_INTERRUPT in"
"407","22.551909","2.3.1","host","USB","72","0000040000000000","URB_INTERRUPT in"
"409","22.655911","2.3.1","host","USB","72","0000041700000000","URB_INTERRUPT in"
"411","22.692924","2.3.1","host","USB","72","0000170000000000","URB_INTERRUPT in"
"415","22.771932","2.3.1","host","USB","72","0000040000000000","URB_INTERRUPT in"
"417","22.874930","2.3.1","host","USB","72","0000042f00000000","URB_INTERRUPT in"
"419","22.880929","2.3.1","host","USB","72","00002f0000000000","URB_INTERRUPT in"
"423","24.453922","2.3.1","host","USB","72","0000200000000000","URB_INTERRUPT in"
"425","24.543921","2.3.1","host","USB","72","0000202400000000","URB_INTERRUPT in"
"427","24.562869","2.3.1","host","USB","72","0000240000000000","URB_INTERRUPT in"
"431","25.098925","2.3.1","host","USB","72","0000300000000000","URB_INTERRUPT in"
"435","25.228920","2.3.1","host","USB","72","00002c0000000000","URB_INTERRUPT in"
"439","25.366917","2.3.1","host","USB","72","00002e0000000000","URB_INTERRUPT in"
"443","25.479837","2.3.1","host","USB","72","00002c0000000000","URB_INTERRUPT in"
"447","25.691907","2.3.1","host","USB","72","2000000000000000","URB_INTERRUPT in"
"449","25.772918","2.3.1","host","USB","72","20002f0000000000","URB_INTERRUPT in"
"451","25.865925","2.3.1","host","USB","72","2000000000000000","URB_INTERRUPT in"
"455","27.284920","2.3.1","host","USB","72","0000270000000000","URB_INTERRUPT in"
"459","27.429920","2.3.1","host","USB","72","00001b0000000000","URB_INTERRUPT in"
"463","27.952916","2.3.1","host","USB","72","0000230000000000","URB_INTERRUPT in"
"467","28.255878","2.3.1","host","USB","72","0000200000000000","URB_INTERRUPT in"
"471","28.656917","2.3.1","host","USB","72","0000360000000000","URB_INTERRUPT in"
"475","28.906919","2.3.1","host","USB","72","00002c0000000000","URB_INTERRUPT in"
"479","29.093908","2.3.1","host","USB","72","0000270000000000","URB_INTERRUPT in"
"481","29.160918","2.3.1","host","USB","72","0000271b00000000","URB_INTERRUPT in"
"483","29.202919","2.3.1","host","USB","72","00001b0000000000","URB_INTERRUPT in"
"487","29.465924","2.3.1","host","USB","72","0000230000000000","URB_INTERRUPT in"
"491","29.674905","2.3.1","host","USB","72","00001f0000000000","URB_INTERRUPT in"
"495","30.013918","2.3.1","host","USB","72","0000360000000000","URB_INTERRUPT in"
"499","30.310922","2.3.1","host","USB","72","00002c0000000000","URB_INTERRUPT in"
"503","34.522913","2.3.1","host","USB","72","0000270000000000","URB_INTERRUPT in"
"505","34.605917","2.3.1","host","USB","72","0000271b00000000","URB_INTERRUPT in"
"507","34.632917","2.3.1","host","USB","72","00001b0000000000","URB_INTERRUPT in"
"511","34.941920","2.3.1","host","USB","72","0000230000000000","URB_INTERRUPT in"
"515","35.054912","2.3.1","host","USB","72","0000240000000000","URB_INTERRUPT in"
"519","35.707911","2.3.1","host","USB","72","0000360000000000","URB_INTERRUPT in"
"523","35.957922","2.3.1","host","USB","72","00002c0000000000","URB_INTERRUPT in"
"527","36.268919","2.3.1","host","USB","72","0000270000000000","URB_INTERRUPT in"
"529","36.366917","2.3.1","host","USB","72","0000271b00000000","URB_INTERRUPT in"
"531","36.393921","2.3.1","host","USB","72","00001b0000000000","URB_INTERRUPT in"
"535","36.818924","2.3.1","host","USB","72","0000200000000000","URB_INTERRUPT in"
"539","36.989908","2.3.1","host","USB","72","00001e0000000000","URB_INTERRUPT in"
"543","37.204916","2.3.1","host","USB","72","0000360000000000","URB_INTERRUPT in"
"547","37.563916","2.3.1","host","USB","72","00002c0000000000","URB_INTERRUPT in"
"551","38.947926","2.3.1","host","USB","72","0000270000000000","URB_INTERRUPT in"
"553","39.061916","2.3.1","host","USB","72","0000271b00000000","URB_INTERRUPT in"
"555","39.072906","2.3.1","host","USB","72","00001b0000000000","URB_INTERRUPT in"
"559","39.388916","2.3.1","host","USB","72","0000200000000000","URB_INTERRUPT in"
"563","39.589908","2.3.1","host","USB","72","0000210000000000","URB_INTERRUPT in"
"567","39.961855","2.3.1","host","USB","72","0000360000000000","URB_INTERRUPT in"
"571","40.273906","2.3.1","host","USB","72","00002c0000000000","URB_INTERRUPT in"
"575","40.553917","2.3.1","host","USB","72","0000270000000000","URB_INTERRUPT in"
"577","40.651916","2.3.1","host","USB","72","0000271b00000000","URB_INTERRUPT in"
"579","40.678926","2.3.1","host","USB","72","00001b0000000000","URB_INTERRUPT in"
"583","44.602913","2.3.1","host","USB","72","0000200000000000","URB_INTERRUPT in"
"587","44.817913","2.3.1","host","USB","72","0000240000000000","URB_INTERRUPT in"
"591","45.237918","2.3.1","host","USB","72","0000360000000000","URB_INTERRUPT in"
"595","45.394889","2.3.1","host","USB","72","00002c0000000000","URB_INTERRUPT in"
"599","45.783907","2.3.1","host","USB","72","0000270000000000","URB_INTERRUPT in"
"603","45.881829","2.3.1","host","USB","72","00001b0000000000","URB_INTERRUPT in"
"607","46.240920","2.3.1","host","USB","72","0000200000000000","URB_INTERRUPT in"
"611","46.669920","2.3.1","host","USB","72","0000230000000000","URB_INTERRUPT in"
"615","47.154920","2.3.1","host","USB","72","0000360000000000","URB_INTERRUPT in"
"619","48.477916","2.3.1","host","USB","72","00002c0000000000","URB_INTERRUPT in"
"623","48.804919","2.3.1","host","USB","72","0000270000000000","URB_INTERRUPT in"
"627","49.151907","2.3.1","host","USB","72","00001b0000000000","URB_INTERRUPT in"
"631","50.066890","2.3.1","host","USB","72","0000240000000000","URB_INTERRUPT in"
"635","50.348919","2.3.1","host","USB","72","0000060000000000","URB_INTERRUPT in"
"639","51.186904","2.3.1","host","USB","72","0000360000000000","URB_INTERRUPT in"
"643","51.590916","2.3.1","host","USB","72","0000270000000000","URB_INTERRUPT in"
"647","53.460910","2.3.1","host","USB","72","00001b0000000000","URB_INTERRUPT in"
"651","54.558914","2.3.1","host","USB","72","0000230000000000","URB_INTERRUPT in"
"655","54.939908","2.3.1","host","USB","72","0000200000000000","URB_INTERRUPT in"
"659","55.199914","2.3.1","host","USB","72","0000360000000000","URB_INTERRUPT in"
"663","55.496913","2.3.1","host","USB","72","00002c0000000000","URB_INTERRUPT in"
"667","63.722905","2.3.1","host","USB","72","0000270000000000","URB_INTERRUPT in"
"671","63.868895","2.3.1","host","USB","72","00001b0000000000","URB_INTERRUPT in"
"675","64.173904","2.3.1","host","USB","72","0000230000000000","URB_INTERRUPT in"
"679","64.288911","2.3.1","host","USB","72","0000060000000000","URB_INTERRUPT in"
"683","64.768904","2.3.1","host","USB","72","0000360000000000","URB_INTERRUPT in"
"687","64.955904","2.3.1","host","USB","72","00002c0000000000","URB_INTERRUPT in"
"691","65.204896","2.3.1","host","USB","72","0000270000000000","URB_INTERRUPT in"
"693","65.256898","2.3.1","host","USB","72","0000271b00000000","URB_INTERRUPT in"
"695","65.267904","2.3.1","host","USB","72","00001b0000000000","URB_INTERRUPT in"
"699","67.321907","2.3.1","host","USB","72","0000240000000000","URB_INTERRUPT in"
"703","67.435900","2.3.1","host","USB","72","0000200000000000","URB_INTERRUPT in"
"707","67.866902","2.3.1","host","USB","72","0000360000000000","URB_INTERRUPT in"
"711","68.038904","2.3.1","host","USB","72","00002c0000000000","URB_INTERRUPT in"
"715","68.225904","2.3.1","host","USB","72","0000270000000000","URB_INTERRUPT in"
"717","68.308897","2.3.1","host","USB","72","0000271b00000000","URB_INTERRUPT in"
"719","68.335907","2.3.1","host","USB","72","00001b0000000000","URB_INTERRUPT in"
"723","68.753904","2.3.1","host","USB","72","0000230000000000","URB_INTERRUPT in"
"725","68.849904","2.3.1","host","USB","72","0000232600000000","URB_INTERRUPT in"
"727","68.878910","2.3.1","host","USB","72","0000260000000000","URB_INTERRUPT in"
"731","69.347903","2.3.1","host","USB","72","0000360000000000","URB_INTERRUPT in"
"735","69.748896","2.3.1","host","USB","72","0000280000000000","URB_INTERRUPT in"
"739","71.029905","2.3.1","host","USB","72","00002b0000000000","URB_INTERRUPT in"
"743","71.387907","2.3.1","host","USB","72","00002b0000000000","URB_INTERRUPT in"
"747","71.730902","2.3.1","host","USB","72","00002b0000000000","URB_INTERRUPT in"
"751","72.073901","2.3.1","host","USB","72","00002b0000000000","URB_INTERRUPT in"
"755","72.400901","2.3.1","host","USB","72","00002b0000000000","URB_INTERRUPT in"
"759","74.773901","2.3.1","host","USB","72","00002a0000000000","URB_INTERRUPT in"
"763","75.386898","2.3.1","host","USB","72","00002c0000000000","URB_INTERRUPT in"
"767","75.620901","2.3.1","host","USB","72","00002c0000000000","URB_INTERRUPT in"
"771","75.838884","2.3.1","host","USB","72","00002c0000000000","URB_INTERRUPT in"
"775","76.041903","2.3.1","host","USB","72","00002c0000000000","URB_INTERRUPT in"
"779","76.585904","2.3.1","host","USB","72","0000270000000000","URB_INTERRUPT in"
"783","77.359893","2.3.1","host","USB","72","00002a0000000000","URB_INTERRUPT in"
"787","77.692899","2.3.1","host","USB","72","00002c0000000000","URB_INTERRUPT in"
"791","78.065900","2.3.1","host","USB","72","0000270000000000","URB_INTERRUPT in"
"795","78.210905","2.3.1","host","USB","72","00001b0000000000","URB_INTERRUPT in"
"799","79.993898","2.3.1","host","USB","72","0000230000000000","URB_INTERRUPT in"
"803","80.280907","2.3.1","host","USB","72","0000200000000000","URB_INTERRUPT in"
"807","80.510842","2.3.1","host","USB","72","0000360000000000","URB_INTERRUPT in"
"811","80.729907","2.3.1","host","USB","72","00002c0000000000","URB_INTERRUPT in"
"815","80.900906","2.3.1","host","USB","72","0000270000000000","URB_INTERRUPT in"
"817","80.983905","2.3.1","host","USB","72","0000271b00000000","URB_INTERRUPT in"
"819","81.025892","2.3.1","host","USB","72","00001b0000000000","URB_INTERRUPT in"
"823","81.583898","2.3.1","host","USB","72","0000230000000000","URB_INTERRUPT in"
"827","81.761896","2.3.1","host","USB","72","00001f0000000000","URB_INTERRUPT in"
"831","81.914900","2.3.1","host","USB","72","0000360000000000","URB_INTERRUPT in"
"835","82.335888","2.3.1","host","USB","72","00002c0000000000","URB_INTERRUPT in"
"839","82.537896","2.3.1","host","USB","72","0000270000000000","URB_INTERRUPT in"
"841","82.620903","2.3.1","host","USB","72","0000271b00000000","URB_INTERRUPT in"
"843","82.647903","2.3.1","host","USB","72","00001b0000000000","URB_INTERRUPT in"
"847","84.514897","2.3.1","host","USB","72","0000240000000000","URB_INTERRUPT in"
"851","84.689897","2.3.1","host","USB","72","0000060000000000","URB_INTERRUPT in"
"855","85.060898","2.3.1","host","USB","72","0000360000000000","URB_INTERRUPT in"
"859","85.216891","2.3.1","host","USB","72","00002c0000000000","URB_INTERRUPT in"
"863","85.434899","2.3.1","host","USB","72","0000270000000000","URB_INTERRUPT in"
"865","85.532906","2.3.1","host","USB","72","0000271b00000000","URB_INTERRUPT in"
"867","85.559904","2.3.1","host","USB","72","00001b0000000000","URB_INTERRUPT in"
"871","85.856901","2.3.1","host","USB","72","0000240000000000","URB_INTERRUPT in"
"875","86.799897","2.3.1","host","USB","72","00002a0000000000","URB_INTERRUPT in"
"879","87.362898","2.3.1","host","USB","72","0000230000000000","URB_INTERRUPT in"
"883","87.739906","2.3.1","host","USB","72","0000050000000000","URB_INTERRUPT in"
"887","88.485900","2.3.1","host","USB","72","0000360000000000","URB_INTERRUPT in"
"891","88.704901","2.3.1","host","USB","72","00002c0000000000","URB_INTERRUPT in"
"895","89.046900","2.3.1","host","USB","72","0000270000000000","URB_INTERRUPT in"
"897","89.160883","2.3.1","host","USB","72","0000271b00000000","URB_INTERRUPT in"
"899","89.186892","2.3.1","host","USB","72","00001b0000000000","URB_INTERRUPT in"
"903","89.532897","2.3.1","host","USB","72","0000210000000000","URB_INTERRUPT in"
"907","89.797888","2.3.1","host","USB","72","0000090000000000","URB_INTERRUPT in"
"911","90.028902","2.3.1","host","USB","72","0000360000000000","URB_INTERRUPT in"
"915","90.200905","2.3.1","host","USB","72","00002c0000000000","URB_INTERRUPT in"
"919","91.118888","2.3.1","host","USB","72","0000270000000000","URB_INTERRUPT in"
"921","91.232886","2.3.1","host","USB","72","0000271b00000000","URB_INTERRUPT in"
"923","91.258896","2.3.1","host","USB","72","00001b0000000000","URB_INTERRUPT in"
"927","91.708899","2.3.1","host","USB","72","0000230000000000","URB_INTERRUPT in"
"931","91.917880","2.3.1","host","USB","72","00001e0000000000","URB_INTERRUPT in"
"935","92.054899","2.3.1","host","USB","72","0000360000000000","URB_INTERRUPT in"
"939","92.195901","2.3.1","host","USB","72","00002c0000000000","URB_INTERRUPT in"
"943","94.574889","2.3.1","host","USB","72","0000270000000000","URB_INTERRUPT in"
"947","94.704889","2.3.1","host","USB","72","00001b0000000000","URB_INTERRUPT in"
"951","95.183893","2.3.1","host","USB","72","0000240000000000","URB_INTERRUPT in"
"955","95.437899","2.3.1","host","USB","72","0000200000000000","URB_INTERRUPT in"
"959","95.729892","2.3.1","host","USB","72","0000360000000000","URB_INTERRUPT in"
"963","95.994900","2.3.1","host","USB","72","00002c0000000000","URB_INTERRUPT in"
"967","96.212882","2.3.1","host","USB","72","0000270000000000","URB_INTERRUPT in"
"971","96.357834","2.3.1","host","USB","72","00001b0000000000","URB_INTERRUPT in"
"975","97.241886","2.3.1","host","USB","72","0000240000000000","URB_INTERRUPT in"
"979","97.489889","2.3.1","host","USB","72","0000270000000000","URB_INTERRUPT in"
"983","97.802887","2.3.1","host","USB","72","00002c0000000000","URB_INTERRUPT in"
"987","98.450890","2.3.1","host","USB","72","00002a0000000000","URB_INTERRUPT in"
"991","98.705902","2.3.1","host","USB","72","0000360000000000","URB_INTERRUPT in"
"995","98.955880","2.3.1","host","USB","72","00002c0000000000","URB_INTERRUPT in"
"999","101.287897","2.3.1","host","USB","72","0000270000000000","URB_INTERRUPT in"
"1001","101.370894","2.3.1","host","USB","72","0000271b00000000","URB_INTERRUPT in"
"1003","101.397891","2.3.1","host","USB","72","00001b0000000000","URB_INTERRUPT in"
"1007","102.130885","2.3.1","host","USB","72","0000240000000000","URB_INTERRUPT in"
"1011","102.334895","2.3.1","host","USB","72","0000090000000000","URB_INTERRUPT in"
"1015","102.597895","2.3.1","host","USB","72","0000360000000000","URB_INTERRUPT in"
"1019","102.800883","2.3.1","host","USB","72","00002c0000000000","URB_INTERRUPT in"
"1023","103.904900","2.3.1","host","USB","72","0000270000000000","URB_INTERRUPT in"
"1027","104.049902","2.3.1","host","USB","72","00001b0000000000","URB_INTERRUPT in"
"1031","104.824883","2.3.1","host","USB","72","0000240000000000","URB_INTERRUPT in"
"1035","104.963882","2.3.1","host","USB","72","0000270000000000","URB_INTERRUPT in"
"1039","105.275892","2.3.1","host","USB","72","0000360000000000","URB_INTERRUPT in"
"1043","105.603898","2.3.1","host","USB","72","00002c0000000000","URB_INTERRUPT in"
"1047","107.561888","2.3.1","host","USB","72","0000270000000000","URB_INTERRUPT in"
"1051","107.706887","2.3.1","host","USB","72","00001b0000000000","URB_INTERRUPT in"
"1055","108.027876","2.3.1","host","USB","72","0000230000000000","URB_INTERRUPT in"
"1059","108.531889","2.3.1","host","USB","72","00001f0000000000","URB_INTERRUPT in"
"1063","108.932898","2.3.1","host","USB","72","0000360000000000","URB_INTERRUPT in"
"1065","109.027897","2.3.1","host","USB","72","0000362c00000000","URB_INTERRUPT in"
"1067","109.057895","2.3.1","host","USB","72","00002c0000000000","URB_INTERRUPT in"
"1071","109.291893","2.3.1","host","USB","72","0000270000000000","URB_INTERRUPT in"
"1073","109.405895","2.3.1","host","USB","72","0000271b00000000","URB_INTERRUPT in"
"1075","109.416891","2.3.1","host","USB","72","00001b0000000000","URB_INTERRUPT in"
"1079","109.824883","2.3.1","host","USB","72","0000210000000000","URB_INTERRUPT in"
"1083","110.023892","2.3.1","host","USB","72","0000250000000000","URB_INTERRUPT in"
"1087","110.647880","2.3.1","host","USB","72","0000360000000000","URB_INTERRUPT in"
"1091","111.374897","2.3.1","host","USB","72","0000280000000000","URB_INTERRUPT in"
"1095","112.235891","2.3.1","host","USB","72","00002c0000000000","URB_INTERRUPT in"
"1099","112.423888","2.3.1","host","USB","72","00002c0000000000","URB_INTERRUPT in"
"1103","115.052885","2.3.1","host","USB","72","00002c0000000000","URB_INTERRUPT in"
"1107","116.233894","2.3.1","host","USB","72","0000270000000000","URB_INTERRUPT in"
"1109","116.348895","2.3.1","host","USB","72","0000271b00000000","URB_INTERRUPT in"
"1111","116.374881","2.3.1","host","USB","72","00001b0000000000","URB_INTERRUPT in"
"1115","117.309894","2.3.1","host","USB","72","0000240000000000","URB_INTERRUPT in"
"1117","117.389884","2.3.1","host","USB","72","0000240700000000","URB_INTERRUPT in"
"1119","117.403834","2.3.1","host","USB","72","0000070000000000","URB_INTERRUPT in"
"1123","117.605884","2.3.1","host","USB","72","0000360000000000","URB_INTERRUPT in"
"1127","117.824881","2.3.1","host","USB","72","00002c0000000000","URB_INTERRUPT in"
"1131","118.104884","2.3.1","host","USB","72","0000270000000000","URB_INTERRUPT in"
"1135","118.265881","2.3.1","host","USB","72","00001b0000000000","URB_INTERRUPT in"
"1139","120.050883","2.3.1","host","USB","72","0000240000000000","URB_INTERRUPT in"
"1143","120.251883","2.3.1","host","USB","72","0000250000000000","URB_INTERRUPT in"
"1147","120.704878","2.3.1","host","USB","72","0000360000000000","URB_INTERRUPT in"
"1151","121.592890","2.3.1","host","USB","72","00002c0000000000","URB_INTERRUPT in"
"1155","121.918883","2.3.1","host","USB","72","0000270000000000","URB_INTERRUPT in"
"1157","122.017869","2.3.1","host","USB","72","0000271b00000000","URB_INTERRUPT in"
"1159","122.059880","2.3.1","host","USB","72","00001b0000000000","URB_INTERRUPT in"
"1163","122.570882","2.3.1","host","USB","72","0000230000000000","URB_INTERRUPT in"
"1167","122.946893","2.3.1","host","USB","72","0000260000000000","URB_INTERRUPT in"
"1171","123.383884","2.3.1","host","USB","72","0000360000000000","URB_INTERRUPT in"
"1175","123.601882","2.3.1","host","USB","72","00002c0000000000","URB_INTERRUPT in"
"1179","123.896875","2.3.1","host","USB","72","0000270000000000","URB_INTERRUPT in"
"1183","124.057864","2.3.1","host","USB","72","00001b0000000000","URB_INTERRUPT in"
"1187","124.797877","2.3.1","host","USB","72","0000230000000000","URB_INTERRUPT in"
"1191","125.052889","2.3.1","host","USB","72","00001f0000000000","URB_INTERRUPT in"
"1195","125.423886","2.3.1","host","USB","72","0000360000000000","URB_INTERRUPT in"
"1199","125.626888","2.3.1","host","USB","72","00002c0000000000","URB_INTERRUPT in"
"1203","125.890889","2.3.1","host","USB","72","0000270000000000","URB_INTERRUPT in"
"1207","126.020875","2.3.1","host","USB","72","00001b0000000000","URB_INTERRUPT in"
"1211","126.672854","2.3.1","host","USB","72","0000210000000000","URB_INTERRUPT in"
"1215","126.939874","2.3.1","host","USB","72","0000200000000000","URB_INTERRUPT in"
"1219","127.386878","2.3.1","host","USB","72","0000360000000000","URB_INTERRUPT in"
"1223","127.761894","2.3.1","host","USB","72","00002c0000000000","URB_INTERRUPT in"
"1227","128.040877","2.3.1","host","USB","72","0000270000000000","URB_INTERRUPT in"
"1229","128.123883","2.3.1","host","USB","72","0000271b00000000","URB_INTERRUPT in"
"1231","128.166882","2.3.1","host","USB","72","00001b0000000000","URB_INTERRUPT in"
"1235","128.449879","2.3.1","host","USB","72","0000210000000000","URB_INTERRUPT in"
"1239","128.653874","2.3.1","host","USB","72","00001f0000000000","URB_INTERRUPT in"
"1243","128.899878","2.3.1","host","USB","72","0000360000000000","URB_INTERRUPT in"
"1245","129.025889","2.3.1","host","USB","72","0000362c00000000","URB_INTERRUPT in"
"1247","129.040815","2.3.1","host","USB","72","00002c0000000000","URB_INTERRUPT in"
"1251","129.258869","2.3.1","host","USB","72","0000270000000000","URB_INTERRUPT in"
"1253","129.341883","2.3.1","host","USB","72","0000271b00000000","URB_INTERRUPT in"
"1255","129.383885","2.3.1","host","USB","72","00001b0000000000","URB_INTERRUPT in"
"1259","130.040885","2.3.1","host","USB","72","0000210000000000","URB_INTERRUPT in"
"1263","130.197878","2.3.1","host","USB","72","00001e0000000000","URB_INTERRUPT in"
"1267","130.474871","2.3.1","host","USB","72","0000360000000000","URB_INTERRUPT in"
"1271","130.740880","2.3.1","host","USB","72","00002c0000000000","URB_INTERRUPT in"
"1275","132.559879","2.3.1","host","USB","72","0000270000000000","URB_INTERRUPT in"
"1277","132.658874","2.3.1","host","USB","72","0000271b00000000","URB_INTERRUPT in"
"1279","132.700878","2.3.1","host","USB","72","00001b0000000000","URB_INTERRUPT in"
"1283","133.465884","2.3.1","host","USB","72","0000210000000000","URB_INTERRUPT in"
"1287","133.772881","2.3.1","host","USB","72","0000230000000000","URB_INTERRUPT in"
"1291","134.226864","2.3.1","host","USB","72","0000360000000000","URB_INTERRUPT in"
"1295","134.616883","2.3.1","host","USB","72","00002c0000000000","URB_INTERRUPT in"
"1299","134.803863","2.3.1","host","USB","72","0000270000000000","URB_INTERRUPT in"
"1301","134.839872","2.3.1","host","USB","72","0000271b00000000","URB_INTERRUPT in"
"1303","134.928873","2.3.1","host","USB","72","00001b0000000000","URB_INTERRUPT in"
"1307","135.134879","2.3.1","host","USB","72","0000210000000000","URB_INTERRUPT in"
"1311","135.348886","2.3.1","host","USB","72","0000220000000000","URB_INTERRUPT in"
"1315","135.584866","2.3.1","host","USB","72","0000360000000000","URB_INTERRUPT in"
"1319","136.020874","2.3.1","host","USB","72","00002c0000000000","URB_INTERRUPT in"
"1323","138.213861","2.3.1","host","USB","72","0000270000000000","URB_INTERRUPT in"
"1325","138.343875","2.3.1","host","USB","72","0000271b00000000","URB_INTERRUPT in"
"1327","138.354869","2.3.1","host","USB","72","00001b0000000000","URB_INTERRUPT in"
"1331","138.591876","2.3.1","host","USB","72","0000210000000000","URB_INTERRUPT in"
"1335","138.760867","2.3.1","host","USB","72","0000270000000000","URB_INTERRUPT in"
"1339","139.056874","2.3.1","host","USB","72","0000360000000000","URB_INTERRUPT in"
"1343","139.213872","2.3.1","host","USB","72","00002c0000000000","URB_INTERRUPT in"
"1347","140.969882","2.3.1","host","USB","72","0000270000000000","URB_INTERRUPT in"
"1349","141.068883","2.3.1","host","USB","72","0000271b00000000","URB_INTERRUPT in"
"1351","141.094873","2.3.1","host","USB","72","00001b0000000000","URB_INTERRUPT in"
"1355","141.347875","2.3.1","host","USB","72","0000210000000000","URB_INTERRUPT in"
"1359","141.643874","2.3.1","host","USB","72","0000040000000000","URB_INTERRUPT in"
"1361","141.765881","2.3.1","host","USB","72","0000043600000000","URB_INTERRUPT in"
"1363","141.768879","2.3.1","host","USB","72","0000360000000000","URB_INTERRUPT in"
"1367","141.906820","2.3.1","host","USB","72","00002c0000000000","URB_INTERRUPT in"
"1371","143.585880","2.3.1","host","USB","72","0000270000000000","URB_INTERRUPT in"
"1373","143.683863","2.3.1","host","USB","72","0000271b00000000","URB_INTERRUPT in"
"1375","143.725864","2.3.1","host","USB","72","00001b0000000000","URB_INTERRUPT in"
"1379","144.115875","2.3.1","host","USB","72","0000270000000000","URB_INTERRUPT in"
"1383","144.430884","2.3.1","host","USB","72","00001f0000000000","URB_INTERRUPT in"
"1387","144.769876","2.3.1","host","USB","72","0000360000000000","URB_INTERRUPT in"
"1391","144.942868","2.3.1","host","USB","72","00002c0000000000","URB_INTERRUPT in"
"1395","145.175873","2.3.1","host","USB","72","0000270000000000","URB_INTERRUPT in"
"1397","145.273877","2.3.1","host","USB","72","0000271b00000000","URB_INTERRUPT in"
"1399","145.315882","2.3.1","host","USB","72","00001b0000000000","URB_INTERRUPT in"
"1403","145.641873","2.3.1","host","USB","72","0000220000000000","URB_INTERRUPT in"
"1405","145.752872","2.3.1","host","USB","72","0000222600000000","URB_INTERRUPT in"
"1407","145.782858","2.3.1","host","USB","72","0000260000000000","URB_INTERRUPT in"
"1411","146.448872","2.3.1","host","USB","72","2000000000000000","URB_INTERRUPT in"
"1413","146.775879","2.3.1","host","USB","72","2000300000000000","URB_INTERRUPT in"
"1415","146.915873","2.3.1","host","USB","72","0000300000000000","URB_INTERRUPT in"
"1419","147.086866","2.3.1","host","USB","72","0000330000000000","URB_INTERRUPT in"
"1423","147.400878","2.3.1","host","USB","72","0000280000000000","URB_INTERRUPT in"
"1427","148.557880","2.3.1","host","USB","72","00002b0000000000","URB_INTERRUPT in"
"1431","149.134878","2.3.1","host","USB","72","0000090000000000","URB_INTERRUPT in"
"1433","149.195878","2.3.1","host","USB","72","0000091200000000","URB_INTERRUPT in"
"1435","149.244878","2.3.1","host","USB","72","0000120000000000","URB_INTERRUPT in"
"1439","149.307871","2.3.1","host","USB","72","0000150000000000","URB_INTERRUPT in"
"1441","149.362878","2.3.1","host","USB","72","2000150000000000","URB_INTERRUPT in"
"1443","149.414867","2.3.1","host","USB","72","2000152600000000","URB_INTERRUPT in"
"1445","149.433817","2.3.1","host","USB","72","2000260000000000","URB_INTERRUPT in"
"1447","149.507871","2.3.1","host","USB","72","2000000000000000","URB_INTERRUPT in"
"1451","149.616872","2.3.1","host","USB","72","00000c0000000000","URB_INTERRUPT in"
"1453","149.679869","2.3.1","host","USB","72","00000c1100000000","URB_INTERRUPT in"
"1455","149.773867","2.3.1","host","USB","72","0000110000000000","URB_INTERRUPT in"
"1457","149.787857","2.3.1","host","USB","72","0000111700000000","URB_INTERRUPT in"
"1459","149.820870","2.3.1","host","USB","72","0000170000000000","URB_INTERRUPT in"
"1461","149.838871","2.3.1","host","USB","72","0000172c00000000","URB_INTERRUPT in"
"1463","149.913867","2.3.1","host","USB","72","00002c0000000000","URB_INTERRUPT in"
"1467","149.962870","2.3.1","host","USB","72","00000c0000000000","URB_INTERRUPT in"
"1471","150.707876","2.3.1","host","USB","72","00002e0000000000","URB_INTERRUPT in"
"1473","150.819869","2.3.1","host","USB","72","00002e2700000000","URB_INTERRUPT in"
"1475","150.832817","2.3.1","host","USB","72","0000270000000000","URB_INTERRUPT in"
"1479","151.047879","2.3.1","host","USB","72","0000330000000000","URB_INTERRUPT in"
"1483","151.271881","2.3.1","host","USB","72","00000c0000000000","URB_INTERRUPT in"
"1487","151.656878","2.3.1","host","USB","72","2000000000000000","URB_INTERRUPT in"
"1489","151.740871","2.3.1","host","USB","72","2000360000000000","URB_INTERRUPT in"
"1491","151.849870","2.3.1","host","USB","72","2000000000000000","URB_INTERRUPT in"
"1495","152.880877","2.3.1","host","USB","72","0000200000000000","URB_INTERRUPT in"
"1497","152.955867","2.3.1","host","USB","72","0000202400000000","URB_INTERRUPT in"
"1499","153.005877","2.3.1","host","USB","72","0000240000000000","URB_INTERRUPT in"
"1503","153.244882","2.3.1","host","USB","72","0000330000000000","URB_INTERRUPT in"
"1507","153.843861","2.3.1","host","USB","72","0000180000000000","URB_INTERRUPT in"
"1509","153.873873","2.3.1","host","USB","72","0000180c00000000","URB_INTERRUPT in"
"1511","153.904866","2.3.1","host","USB","72","0000180000000000","URB_INTERRUPT in"
"1515","154.212870","2.3.1","host","USB","72","00002a0000000000","URB_INTERRUPT in"
"1519","154.368856","2.3.1","host","USB","72","00002a0000000000","URB_INTERRUPT in"
"1523","154.528866","2.3.1","host","USB","72","00000c0000000000","URB_INTERRUPT in"
"1527","154.727877","2.3.1","host","USB","72","2000000000000000","URB_INTERRUPT in"
"1529","154.777857","2.3.1","host","USB","72","20002e0000000000","URB_INTERRUPT in"
"1531","154.870869","2.3.1","host","USB","72","2000000000000000","URB_INTERRUPT in"
"1533","154.933869","2.3.1","host","USB","72","20002e0000000000","URB_INTERRUPT in"
"1535","155.026864","2.3.1","host","USB","72","2000000000000000","URB_INTERRUPT in"
"1539","155.118865","2.3.1","host","USB","72","2000000000000000","URB_INTERRUPT in"
"1541","155.155866","2.3.1","host","USB","72","2000270000000000","URB_INTERRUPT in"
"1543","155.248865","2.3.1","host","USB","72","2000000000000000","URB_INTERRUPT in"
"1547","155.369876","2.3.1","host","USB","72","0000280000000000","URB_INTERRUPT in"
"1551","155.594791","2.3.1","host","USB","72","00002b0000000000","URB_INTERRUPT in"
"1555","155.750777","2.3.1","host","USB","72","00002b0000000000","URB_INTERRUPT in"
"1559","156.023859","2.3.1","host","USB","72","0000130000000000","URB_INTERRUPT in"
"1563","156.141846","2.3.1","host","USB","72","0000150000000000","URB_INTERRUPT in"
"1565","156.216868","2.3.1","host","USB","72","0000150c00000000","URB_INTERRUPT in"
"1567","156.251862","2.3.1","host","USB","72","00000c0000000000","URB_INTERRUPT in"
"1569","156.263854","2.3.1","host","USB","72","00000c1100000000","URB_INTERRUPT in"
"1571","156.340867","2.3.1","host","USB","72","00000c1117000000","URB_INTERRUPT in"
"1573","156.342802","2.3.1","host","USB","72","0000111700000000","URB_INTERRUPT in"
"1575","156.373865","2.3.1","host","USB","72","0000170000000000","URB_INTERRUPT in"
"1579","156.486872","2.3.1","host","USB","72","0000090000000000","URB_INTERRUPT in"
"1581","156.541874","2.3.1","host","USB","72","2000090000000000","URB_INTERRUPT in"
"1583","156.594876","2.3.1","host","USB","72","2000092600000000","URB_INTERRUPT in"
"1585","156.596810","2.3.1","host","USB","72","2000260000000000","URB_INTERRUPT in"
"1587","156.671877","2.3.1","host","USB","72","2000000000000000","URB_INTERRUPT in"
"1591","156.807872","2.3.1","host","USB","72","2000000000000000","URB_INTERRUPT in"
"1593","156.841877","2.3.1","host","USB","72","2000340000000000","URB_INTERRUPT in"
"1595","156.917864","2.3.1","host","USB","72","0000340000000000","URB_INTERRUPT in"
"1599","156.995861","2.3.1","host","USB","72","2000000000000000","URB_INTERRUPT in"
"1601","157.030868","2.3.1","host","USB","72","2000220000000000","URB_INTERRUPT in"
"1603","157.120868","2.3.1","host","USB","72","0000220000000000","URB_INTERRUPT in"
"1607","157.238868","2.3.1","host","USB","72","0000060000000000","URB_INTERRUPT in"
"1609","157.355859","2.3.1","host","USB","72","2000060000000000","URB_INTERRUPT in"
"1611","157.394861","2.3.1","host","USB","72","2000000000000000","URB_INTERRUPT in"
"1613","157.404863","2.3.1","host","USB","72","2000340000000000","URB_INTERRUPT in"
"1615","157.480870","2.3.1","host","USB","72","0000340000000000","URB_INTERRUPT in"
"1619","157.580871","2.3.1","host","USB","72","0000360000000000","URB_INTERRUPT in"
"1623","159.635863","2.3.1","host","USB","72","0000150000000000","URB_INTERRUPT in"
"1627","159.807866","2.3.1","host","USB","72","0000040000000000","URB_INTERRUPT in"
"1631","159.949867","2.3.1","host","USB","72","00001a0000000000","URB_INTERRUPT in"
"1635","160.110826","2.3.1","host","USB","72","2000000000000000","URB_INTERRUPT in"
"1637","160.150870","2.3.1","host","USB","72","2000070000000000","URB_INTERRUPT in"
"1639","160.259871","2.3.1","host","USB","72","2000000000000000","URB_INTERRUPT in"
"1643","160.291875","2.3.1","host","USB","72","0000040000000000","URB_INTERRUPT in"
"1645","160.364871","2.3.1","host","USB","72","0000041700000000","URB_INTERRUPT in"
"1647","160.416870","2.3.1","host","USB","72","0000170000000000","URB_INTERRUPT in"
"1649","160.464865","2.3.1","host","USB","72","0000170400000000","URB_INTERRUPT in"
"1651","160.474815","2.3.1","host","USB","72","0000040000000000","URB_INTERRUPT in"
"1653","160.536862","2.3.1","host","USB","72","0000042f00000000","URB_INTERRUPT in"
"1655","160.589851","2.3.1","host","USB","72","00002f0000000000","URB_INTERRUPT in"
"1659","161.627866","2.3.1","host","USB","72","00000c0000000000","URB_INTERRUPT in"
"1663","161.857864","2.3.1","host","USB","72","0000300000000000","URB_INTERRUPT in"
"1667","162.075856","2.3.1","host","USB","72","2000000000000000","URB_INTERRUPT in"
"1669","162.188876","2.3.1","host","USB","72","2000230000000000","URB_INTERRUPT in"
"1671","162.247866","2.3.1","host","USB","72","0000230000000000","URB_INTERRUPT in"
"1675","162.625868","2.3.1","host","USB","72","00000c0000000000","URB_INTERRUPT in"
"1679","162.917873","2.3.1","host","USB","72","2000000000000000","URB_INTERRUPT in"
"1681","163.032853","2.3.1","host","USB","72","2000270000000000","URB_INTERRUPT in"
"1683","163.135871","2.3.1","host","USB","72","0000270000000000","URB_INTERRUPT in"
"1687","163.291872","2.3.1","host","USB","72","0000330000000000","URB_INTERRUPT in"
"1691","163.760859","2.3.1","host","USB","72","0000280000000000","URB_INTERRUPT in"
"1695","164.491870","2.3.1","host","USB","72","2000000000000000","URB_INTERRUPT in"
"1697","164.554870","2.3.1","host","USB","72","2000300000000000","URB_INTERRUPT in"
"1699","164.678869","2.3.1","host","USB","72","2000000000000000","URB_INTERRUPT in"
"1703","165.012858","2.3.1","host","USB","72","0100000000000000","URB_INTERRUPT in"
"1705","165.093869","2.3.1","host","USB","72","01001b0000000000","URB_INTERRUPT in"
"1707","165.200864","2.3.1","host","USB","72","00001b0000000000","URB_INTERRUPT in"
"1711","166.506855","2.3.1","host","USB","72","00001c0000000000","URB_INTERRUPT in"
"1715","167.434864","2.3.1","host","USB","72","0000280000000000","URB_INTERRUPT in"
"1719","169.366863","2.3.1","host","USB","72","00000a0000000000","URB_INTERRUPT in"
"1723","169.589870","2.3.1","host","USB","72","0000060000000000","URB_INTERRUPT in"
"1727","169.777873","2.3.1","host","USB","72","0000060000000000","URB_INTERRUPT in"
"1729","169.853871","2.3.1","host","USB","72","0000062c00000000","URB_INTERRUPT in"
"1731","169.871803","2.3.1","host","USB","72","00002c0000000000","URB_INTERRUPT in"
"1735","169.975850","2.3.1","host","USB","72","0000170000000000","URB_INTERRUPT in"
"1737","170.074850","2.3.1","host","USB","72","0000170800000000","URB_INTERRUPT in"
"1739","170.084850","2.3.1","host","USB","72","0000080000000000","URB_INTERRUPT in"
"1743","170.232850","2.3.1","host","USB","72","0000160000000000","URB_INTERRUPT in"
"1745","170.273850","2.3.1","host","USB","72","0000161700000000","URB_INTERRUPT in"
"1747","170.342850","2.3.1","host","USB","72","0000170000000000","URB_INTERRUPT in"
"1749","170.379844","2.3.1","host","USB","72","0000173700000000","URB_INTERRUPT in"
"1751","170.398838","2.3.1","host","USB","72","0000370000000000","URB_INTERRUPT in"
"1755","170.544857","2.3.1","host","USB","72","0000060000000000","URB_INTERRUPT in"
"1759","170.698859","2.3.1","host","USB","72","00002c0000000000","URB_INTERRUPT in"
"1763","170.863869","2.3.1","host","USB","72","00002d0000000000","URB_INTERRUPT in"
"1767","171.056857","2.3.1","host","USB","72","0000120000000000","URB_INTERRUPT in"
"1769","171.135861","2.3.1","host","USB","72","0000122c00000000","URB_INTERRUPT in"
"1771","171.181861","2.3.1","host","USB","72","00002c0000000000","URB_INTERRUPT in"
"1775","171.242866","2.3.1","host","USB","72","0000170000000000","URB_INTERRUPT in"
"1779","171.373870","2.3.1","host","USB","72","0000080000000000","URB_INTERRUPT in"
"1783","171.531868","2.3.1","host","USB","72","0000160000000000","URB_INTERRUPT in"
"1785","171.571860","2.3.1","host","USB","72","0000161700000000","URB_INTERRUPT in"
"1787","171.652862","2.3.1","host","USB","72","000016172c000000","URB_INTERRUPT in"
"1789","171.656859","2.3.1","host","USB","72","0000172c00000000","URB_INTERRUPT in"
"1791","171.711866","2.3.1","host","USB","72","00002c0000000000","URB_INTERRUPT in"
"1795","171.802872","2.3.1","host","USB","72","00002d0000000000","URB_INTERRUPT in"
"1797","171.891870","2.3.1","host","USB","72","00002d1600000000","URB_INTERRUPT in"
"1799","171.912860","2.3.1","host","USB","72","0000160000000000","URB_INTERRUPT in"
"1801","171.947864","2.3.1","host","USB","72","0000161700000000","URB_INTERRUPT in"
"1803","172.016869","2.3.1","host","USB","72","0000170000000000","URB_INTERRUPT in"
"1807","172.139863","2.3.1","host","USB","72","0000070000000000","URB_INTERRUPT in"
"1811","172.443857","2.3.1","host","USB","72","00002a0000000000","URB_INTERRUPT in"
"1815","172.569861","2.3.1","host","USB","72","00002a0000000000","URB_INTERRUPT in"
"1819","172.678848","2.3.1","host","USB","72","00002a0000000000","URB_INTERRUPT in"
"1823","172.788869","2.3.1","host","USB","72","00002a0000000000","URB_INTERRUPT in"
"1827","172.913857","2.3.1","host","USB","72","00002a0000000000","URB_INTERRUPT in"
"1831","173.022861","2.3.1","host","USB","72","00002a0000000000","URB_INTERRUPT in"
"1835","174.532850","2.3.1","host","USB","72","00002a0000000000","URB_INTERRUPT in"
"1839","174.707861","2.3.1","host","USB","72","00000a0000000000","URB_INTERRUPT in"
"1843","174.899855","2.3.1","host","USB","72","0000060000000000","URB_INTERRUPT in"
"1847","175.055858","2.3.1","host","USB","72","0000060000000000","URB_INTERRUPT in"
"1849","175.162867","2.3.1","host","USB","72","0000062c00000000","URB_INTERRUPT in"
"1851","175.180801","2.3.1","host","USB","72","00002c0000000000","URB_INTERRUPT in"
"1855","175.281857","2.3.1","host","USB","72","00002d0000000000","URB_INTERRUPT in"
"1859","175.401780","2.3.1","host","USB","72","0000160000000000","URB_INTERRUPT in"
"1861","175.441852","2.3.1","host","USB","72","0000161700000000","URB_INTERRUPT in"
"1863","175.526857","2.3.1","host","USB","72","0000170000000000","URB_INTERRUPT in"
"1867","175.634851","2.3.1","host","USB","72","0000070000000000","URB_INTERRUPT in"
"1871","175.785867","2.3.1","host","USB","72","00002e0000000000","URB_INTERRUPT in"
"1875","175.978847","2.3.1","host","USB","72","0000060000000000","URB_INTERRUPT in"
"1879","176.131859","2.3.1","host","USB","72","0000260000000000","URB_INTERRUPT in"
"1881","176.132802","2.3.1","host","USB","72","0000262700000000","URB_INTERRUPT in"
"1883","176.162863","2.3.1","host","USB","72","0000270000000000","URB_INTERRUPT in"
"1887","176.454811","2.3.1","host","USB","72","00002a0000000000","URB_INTERRUPT in"
"1891","176.739846","2.3.1","host","USB","72","0000270000000000","URB_INTERRUPT in"
"1895","177.067859","2.3.1","host","USB","72","00002c0000000000","URB_INTERRUPT in"
"1899","177.342864","2.3.1","host","USB","72","00002a0000000000","URB_INTERRUPT in"
"1903","177.467859","2.3.1","host","USB","72","00002a0000000000","URB_INTERRUPT in"
"1907","177.659843","2.3.1","host","USB","72","0000260000000000","URB_INTERRUPT in"
"1911","177.878859","2.3.1","host","USB","72","00002c0000000000","URB_INTERRUPT in"
"1915","177.969862","2.3.1","host","USB","72","0000170000000000","URB_INTERRUPT in"
"1917","178.053868","2.3.1","host","USB","72","0000170800000000","URB_INTERRUPT in"
"1919","178.078866","2.3.1","host","USB","72","0000080000000000","URB_INTERRUPT in"
"1923","178.211861","2.3.1","host","USB","72","0000160000000000","URB_INTERRUPT in"
"1925","178.251867","2.3.1","host","USB","72","0000161700000000","URB_INTERRUPT in"
"1927","178.320869","2.3.1","host","USB","72","0000170000000000","URB_INTERRUPT in"
"1929","178.342871","2.3.1","host","USB","72","0000173700000000","URB_INTERRUPT in"
"1931","178.391859","2.3.1","host","USB","72","0000370000000000","URB_INTERRUPT in"
"1935","178.475855","2.3.1","host","USB","72","0000060000000000","URB_INTERRUPT in"
"1937","178.567859","2.3.1","host","USB","72","0000062c00000000","URB_INTERRUPT in"
"1939","178.585806","2.3.1","host","USB","72","00002c0000000000","URB_INTERRUPT in"
"1943","178.717867","2.3.1","host","USB","72","00002d0000000000","URB_INTERRUPT in"
"1947","179.594861","2.3.1","host","USB","72","0000120000000000","URB_INTERRUPT in"
"1949","179.704863","2.3.1","host","USB","72","0000122c00000000","URB_INTERRUPT in"
"1951","179.733867","2.3.1","host","USB","72","0000122c17000000","URB_INTERRUPT in"
"1953","179.735864","2.3.1","host","USB","72","00002c1700000000","URB_INTERRUPT in"
"1955","179.798869","2.3.1","host","USB","72","0000170000000000","URB_INTERRUPT in"
"1957","179.848868","2.3.1","host","USB","72","0000170800000000","URB_INTERRUPT in"
"1959","179.858869","2.3.1","host","USB","72","0000080000000000","URB_INTERRUPT in"
"1963","180.006846","2.3.1","host","USB","72","0000160000000000","URB_INTERRUPT in"
"1965","180.061858","2.3.1","host","USB","72","0000161700000000","URB_INTERRUPT in"
"1967","180.131859","2.3.1","host","USB","72","0000170000000000","URB_INTERRUPT in"
"1969","180.138804","2.3.1","host","USB","72","0000172800000000","URB_INTERRUPT in"
"1971","180.186833","2.3.1","host","USB","72","0000280000000000","URB_INTERRUPT in"
"1975","181.303847","2.3.1","host","USB","72","0000370000000000","URB_INTERRUPT in"
"1979","181.463839","2.3.1","host","USB","72","0000380000000000","URB_INTERRUPT in"
"1981","181.526849","2.3.1","host","USB","72","0000381700000000","URB_INTERRUPT in"
"1983","181.557848","2.3.1","host","USB","72","0000170000000000","URB_INTERRUPT in"
"1985","181.594837","2.3.1","host","USB","72","0000170800000000","URB_INTERRUPT in"
"1987","181.651849","2.3.1","host","USB","72","0000080000000000","URB_INTERRUPT in"
"1991","181.768857","2.3.1","host","USB","72","0000160000000000","URB_INTERRUPT in"
"1993","181.824846","2.3.1","host","USB","72","0000161700000000","URB_INTERRUPT in"
"1995","181.877857","2.3.1","host","USB","72","0000170000000000","URB_INTERRUPT in"
"1997","181.900863","2.3.1","host","USB","72","0000172800000000","URB_INTERRUPT in"
"1999","181.918800","2.3.1","host","USB","72","0000280000000000","URB_INTERRUPT in"
